Unnamed: 0_level_0 Rk,Unnamed: 1_level_0 Gtm,Unnamed: 2_level_0 Date,Unnamed: 3_level_0 Unnamed: 3_level_1,Unnamed: 4_level_0 Opp,Score Rslt,Score GF,Score GA,Score OT,Team SOG,Team PIM,Team PPG,Team PPO,Team SHG,Opponent SOG,Opponent PIM,Opponent PPG,Opponent PPO,Opponent SHG,Advanced (5-on-5) CF,Advanced (5-on-5) CA,Advanced (5-on-5) FF,Advanced (5-on-5) FA
1,1,10/12/2022,@,WSH,W,5,2,,30,8,1,3,0,35,6,0,4,0,0,0,0,0
2,2,10/15/2022,,ARI,W,6,3,,43,13,1,3,0,24,11,1,3,1,0,0,0,0
3,3,10/17/2022,,FLA,W,5,3,,34,12,0,3,0,41,10,0,4,0,0,0,0,0
4,4,10/18/2022,@,OTT,L,5,7,,34,13,1,3,0,31,15,0,2,0,0,0,0,0
5,5,10/20/2022,,ANA,W,2,1,SO,36,8,0,5,0,31,10,0,4,0,0,0,0,0
6,6,10/22/2022,,MIN,W,4,3,OT,43,10,1,5,0,27,10,1,5,1,0,0,0,0
7,7,10/25/2022,,DAL,W,3,1,,29,11,1,4,0,31,13,0,3,0,0,0,0,0
8,8,10/27/2022,,DET,W,5,1,,33,10,3,6,0,29,14,0,5,0,0,0,0,0
9,9,10/28/2022,@,CBJ,W,4,0,,35,6,0,2,1,30,4,0,3,0,0,0,0,0
10,10,11/1/2022,@,PIT,W,6,5,OT,40,8,1,3,0,38,6,0,4,0,0,0,0,0
11,11,11/3/2022,@,NYR,W,5,2,,37,24,0,3,0,20,16,0,2,0,0,0,0,0
12,12,11/5/2022,@,TOR,L,1,2,,21,6,1,3,0,28,6,1,3,0,0,0,0,0
13,13,11/7/2022,,STL,W,3,1,,37,8,2,2,0,27,6,0,3,0,0,0,0,0
14,14,11/10/2022,,CGY,W,3,1,,28,17,0,5,0,32,15,0,6,0,0,0,0,0
15,15,11/12/2022,@,BUF,W,3,1,,30,8,1,3,0,31,8,0,3,1,0,0,0,0
16,16,11/13/2022,,VAN,W,5,2,,33,32,2,6,1,31,22,2,6,0,0,0,0,0
17,17,11/17/2022,,PHI,W,4,1,,32,8,2,4,0,23,8,1,4,0,0,0,0,0
18,18,11/19/2022,,CHI,W,6,1,,43,6,2,3,0,18,6,1,3,0,0,0,0,0
19,19,11/21/2022,@,TBL,W,5,3,,29,6,2,4,0,35,8,1,3,0,0,0,0,0
20,20,11/23/2022,@,FLA,L,2,5,,39,14,2,6,0,31,12,3,7,0,0,0,0,0
21,21,11/25/2022,,CAR,W,3,2,OT,41,12,1,6,0,36,12,2,6,0,0,0,0,0
22,22,11/29/2022,,TBL,W,3,1,,26,4,1,1,0,28,2,1,2,0,0,0,0,0
23,23,12/3/2022,,COL,W,5,1,,40,13,1,5,0,25,15,0,3,0,0,0,0,0
24,24,12/5/2022,,VEG,L,3,4,SO,43,6,1,4,0,24,8,0,3,0,0,0,0,0
25,25,12/7/2022,@,COL,W,4,0,,37,13,0,3,0,23,11,0,4,0,0,0,0,0
26,26,12/9/2022,@,ARI,L,3,4,,46,8,2,6,0,16,12,0,4,0,0,0,0,0
27,27,12/11/2022,@,VEG,W,3,1,,27,8,0,2,0,31,4,1,4,0,0,0,0,0
28,28,12/13/2022,,NYI,W,4,3,SO,33,11,1,2,1,26,9,0,3,0,0,0,0,0
29,29,12/15/2022,,LAK,L,2,3,SO,35,14,1,6,0,30,14,1,6,0,0,0,0,0
30,30,12/17/2022,,CBJ,W,4,2,,39,12,2,3,0,33,8,2,5,0,0,0,0,0
31,31,12/19/2022,,FLA,W,7,3,,26,8,2,4,0,39,10,0,3,0,0,0,0,0
32,32,12/22/2022,,WPG,W,3,2,,39,4,1,4,0,27,8,0,2,0,0,0,0,0
33,33,12/23/2022,@,NJD,W,4,3,,23,4,0,1,0,40,2,1,2,0,0,0,0,0
34,34,12/27/2022,@,OTT,L,2,3,SO,51,4,0,3,0,32,6,1,2,0,0,0,0,0
35,35,12/28/2022,@,NJD,W,3,1,,27,9,0,3,0,31,11,0,2,0,0,0,0,0
36,36,12/31/2022,,BUF,L,3,4,OT,40,13,1,5,0,25,17,0,3,0,0,0,0,0
37,37,1/2/2023,,PIT,W,2,1,,29,6,0,3,0,27,6,0,3,0,0,0,0,0
38,38,1/5/2023,@,LAK,W,5,2,,22,7,1,1,0,29,7,0,1,0,0,0,0,0
39,39,1/7/2023,@,SJS,W,4,2,,29,10,1,2,0,30,6,0,4,0,0,0,0,0
40,40,1/8/2023,@,ANA,W,7,1,,42,6,1,2,0,29,6,0,2,0,0,0,0,0
41,41,1/12/2023,,SEA,L,0,3,,27,6,0,1,0,31,2,0,3,0,0,0,0,0
42,42,1/14/2023,,TOR,W,4,3,,34,21,0,2,0,21,21,1,2,0,0,0,0,0
43,43,1/16/2023,,PHI,W,6,0,,29,28,1,2,0,29,20,0,6,0,0,0,0,0
44,44,1/18/2023,@,NYI,W,4,1,,24,14,1,4,0,26,8,0,6,0,0,0,0,0
45,45,1/19/2023,@,NYR,W,3,1,,27,6,0,4,0,32,8,0,3,0,0,0,0,0
46,46,1/22/2023,,SJS,W,4,0,,22,11,1,4,0,18,15,0,2,0,0,0,0,0
47,47,1/24/2023,@,MTL,W,4,2,,29,8,1,3,0,22,8,1,3,0,0,0,0,0
48,48,1/26/2023,@,TBL,L,2,3,,39,15,0,2,0,35,13,1,3,0,0,0,0,0
49,49,1/28/2023,@,FLA,L,3,4,OT,40,4,0,4,0,37,10,0,1,0,0,0,0,0
50,50,1/29/2023,@,CAR,L,1,4,,25,10,0,6,0,36,14,1,4,1,0,0,0,0
51,51,2/1/2023,@,TOR,W,5,2,,29,11,0,1,1,35,9,1,2,0,0,0,0,0
52,52,2/11/2023,,WSH,L,1,2,,28,12,0,4,0,23,12,1,4,0,0,0,0,0
53,53,2/14/2023,@,DAL,W,3,2,OT,37,8,0,3,0,31,6,0,4,0,0,0,0,0
54,54,2/16/2023,@,NSH,W,5,0,,30,6,1,4,0,28,18,0,3,0,0,0,0,0
55,55,2/18/2023,,NYI,W,6,2,,27,4,1,3,0,28,6,0,2,0,0,0,0,0
56,56,2/20/2023,,OTT,W,3,1,,32,8,0,4,0,31,10,0,3,0,0,0,0,0
57,57,2/23/2023,@,SEA,W,6,5,,33,12,0,1,1,41,6,1,4,0,0,0,0,0
58,58,2/25/2023,@,VAN,W,3,1,,35,6,1,3,0,27,6,0,3,0,0,0,0,0
59,59,2/27/2023,@,EDM,W,3,2,,28,4,0,5,0,24,10,0,1,0,0,0,0,0
60,60,2/28/2023,@,CGY,W,4,3,OT,20,13,1,3,0,57,13,0,3,0,0,0,0,0
61,61,3/2/2023,,BUF,W,7,1,,42,8,1,3,2,27,8,0,3,0,0,0,0,0
62,62,3/4/2023,,NYR,W,4,2,,24,11,0,3,1,26,11,1,3,0,0,0,0,0
63,63,3/9/2023,,EDM,L,2,3,,28,2,0,2,0,22,4,0,1,0,0,0,0,0
64,64,3/11/2023,,DET,W,3,2,,38,4,1,4,0,31,8,1,2,1,0,0,0,0
65,65,3/12/2023,@,DET,L,3,5,,33,12,0,3,0,26,12,2,3,1,0,0,0,0
66,66,3/14/2023,@,CHI,L,3,6,,42,6,0,2,0,29,4,1,3,0,0,0,0,0
67,67,3/16/2023,@,WPG,W,3,0,,24,10,0,3,0,36,6,0,5,0,0,0,0,0
68,68,3/18/2023,@,MIN,W,5,2,,38,12,1,4,0,31,10,1,5,0,0,0,0,0
69,69,3/19/2023,@,BUF,W,7,0,,25,15,1,3,0,26,13,0,4,0,0,0,0,0
70,70,3/21/2023,,OTT,W,2,1,,35,6,1,4,0,41,8,0,3,0,0,0,0,0
71,71,3/23/2023,,MTL,W,4,2,,21,25,0,5,0,31,14,2,5,0,0,0,0,0
72,72,3/25/2023,,TBL,W,2,1,,34,17,1,7,0,27,21,0,5,1,0,0,0,0
73,73,3/26/2023,@,CAR,W,4,3,SO,38,6,1,2,0,37,4,0,3,0,0,0,0,0
74,74,3/28/2023,,NSH,L,1,2,,36,10,0,5,0,23,10,0,5,0,0,0,0,0
75,75,3/30/2023,,CBJ,W,2,1,OT,31,25,1,5,0,26,25,0,5,0,0,0,0,0
76,76,4/1/2023,@,PIT,W,4,3,,35,12,2,3,0,24,6,0,6,0,0,0,0,0
77,77,4/2/2023,@,STL,W,4,3,SO,31,12,1,2,0,38,8,0,4,0,0,0,0,0
78,78,4/6/2023,,TOR,W,2,1,OT,33,21,0,4,0,32,13,0,3,0,0,0,0,0
79,79,4/8/2023,,NJD,W,2,1,,40,10,1,1,0,30,4,0,3,0,0,0,0,0
80,80,4/9/2023,@,PHI,W,5,3,,34,13,0,1,0,37,7,0,4,0,0,0,0,0
81,81,4/11/2023,,WSH,W,5,2,,44,4,2,2,0,27,4,1,2,0,0,0,0,0
82,82,4/13/2023,@,MTL,W,5,4,,21,13,0,6,0,34,19,0,3,1,0,0,0,0
,,,,,65-12-5,305,177,,2703,861,62,279,8,2447,814,36,283,8,0,0,0,0
