Game,Date,Time,Home/Away,Opponent,Goals For,Goals Against,OT,Notes,Wins,Losses,Overtime Losses,Streak,Attendance,Log,Notes2
1,2024-10-09,10:00 PM,Away,Vegas Golden Knights,4,8,L,,0,1,0,L 1,18388,2:27,
2,2024-10-12,9:00 PM,Home,Columbus Blue Jackets,4,6,L,,0,2,0,L 2,18080,2:35,
3,2024-10-14,9:00 PM,Home,New York Islanders,2,6,L,,0,3,0,L 3,18017,2:41,
4,2024-10-16,9:30 PM,Home,Boston Bruins,3,5,L,,0,4,0,L 4,18024,2:34,
5,2024-10-18,9:00 PM,Home,Anaheim Ducks,4,3,W,OT,1,4,0,W 1,18071,2:37,
6,2024-10-20,8:00 PM,Away,San Jose Sharks,4,1,W,,2,4,0,W 2,14125,2:32,
7,2024-10-22,8:30 PM,Away,Seattle Kraken,3,2,W,,3,4,0,W 3,17151,2:24,
8,2024-10-24,9:00 PM,Away,Utah Hockey Club,5,1,W,,4,4,0,W 4,11131,2:28,
9,2024-10-27,9:00 PM,Home,Ottawa Senators,5,4,W,,5,4,0,W 5,18020,2:33,
10,2024-10-28,9:00 PM,Home,Chicago Blackhawks,2,5,L,,5,5,0,L 1,18010,2:25,
11,2024-10-30,9:00 PM,Home,Tampa Bay Lightning,2,5,L,,5,6,0,L 2,18019,2:31,
12,2024-11-02,8:00 PM,Away,Nashville Predators,2,5,L,,5,7,0,L 3,17213,2:31,
13,2024-11-05,9:00 PM,Home,Seattle Kraken,6,3,W,,6,7,0,W 1,18014,2:32,
14,2024-11-07,8:00 PM,Away,Winnipeg Jets,0,1,L,,6,8,0,L 1,12918,2:29,
15,2024-11-09,9:00 PM,Home,Carolina Hurricanes,6,4,W,,7,8,0,W 1,18089,2:38,
16,2024-11-11,9:00 PM,Home,Nashville Predators,3,2,W,OT,8,8,0,W 2,18016,2:30,
17,2024-11-13,10:00 PM,Home,Los Angeles Kings,4,2,W,,9,8,0,W 3,18059,2:28,
18,2024-11-15,9:00 PM,Home,Washington Capitals,2,5,L,,9,9,0,L 1,18083,2:32,
19,2024-11-18,7:00 PM,Away,Philadelphia Flyers,3,2,W,,10,9,0,W 1,18930,2:37,
20,2024-11-21,7:00 PM,Away,Washington Capitals,2,1,W,,11,9,0,W 2,17414,2:36,
21,2024-11-23,6:00 PM,Away,Florida Panthers,7,4,W,,12,9,0,W 3,18638,2:35,
22,2024-11-25,7:00 PM,Away,Tampa Bay Lightning,2,8,L,,12,10,0,L 1,19092,2:26,
23,2024-11-27,10:00 PM,Home,Vegas Golden Knights,2,1,W,SO,13,10,0,W 1,18078,2:38,
24,2024-11-29,9:00 PM,Away,Dallas Stars,3,5,L,,13,11,0,L 1,18532,2:35,
25,2024-11-30,10:00 PM,Home,Edmonton Oilers,1,4,L,,13,12,0,L 2,18080,2:27,
26,2024-12-03,7:00 PM,Away,Buffalo Sabres,5,4,W,,14,12,0,W 1,14942,2:27,
27,2024-12-05,7:00 PM,Away,Carolina Hurricanes,3,5,L,,14,13,0,L 1,18700,2:28,
28,2024-12-07,7:00 PM,Away,Detroit Red Wings,2,1,W,,15,13,0,W 1,19515,2:29,
29,2024-12-08,7:00 PM,Away,New Jersey Devils,4,0,W,,16,13,0,W 2,15044,2:24,
30,2024-12-10,7:00 PM,Away,Pittsburgh Penguins,6,2,W,,17,13,0,W 3,15632,2:33,
31,2024-12-12,9:00 PM,Home,Utah Hockey Club,1,4,L,,17,14,0,L 1,18031,2:24,
32,2024-12-14,9:00 PM,Home,Nashville Predators,5,2,W,,18,14,0,W 1,18049,2:36,
33,2024-12-16,10:30 PM,Away,Vancouver Canucks,1,3,L,,18,15,0,L 1,18856,2:24,
34,2024-12-19,10:30 PM,Away,San Jose Sharks,4,2,W,,19,15,0,W 1,12517,2:37,
35,2024-12-20,10:00 PM,Away,Anaheim Ducks,4,2,W,,20,15,0,W 2,16226,2:31,
36,2024-12-22,8:00 PM,Home,Seattle Kraken,5,2,W,,21,15,0,W 3,18089,2:25,
37,2024-12-27,9:30 PM,Away,Utah Hockey Club,4,1,W,,22,15,0,W 4,11131,2:33,
38,2024-12-31,8:00 PM,Home,Winnipeg Jets,5,2,W,,23,15,0,W 5,18094,2:18,
39,2025-01-02,9:00 PM,Home,Buffalo Sabres,6,5,W,OT,24,15,0,W 6,18081,2:46,
40,2025-01-04,7:00 PM,Home,Montreal Canadiens,1,2,L,SO,24,15,1,L 1,18087,2:38,
41,2025-01-06,9:00 PM,Home,Florida Panthers,3,1,W,,25,15,1,W 1,18024,2:30,
42,2025-01-08,7:30 PM,Away,Chicago Blackhawks,1,3,L,,25,16,1,L 1,17667,2:26,
43,2025-01-09,8:00 PM,Away,Minnesota Wild,6,1,W,,26,16,1,W 1,18979,2:25,
44,2025-01-11,7:00 PM,Away,Winnipeg Jets,0,3,L,,26,17,1,L 1,14782,2:16,
45,2025-01-14,9:00 PM,Home,New York Rangers,3,2,W,OT,27,17,1,W 1,18037,2:35,
46,2025-01-16,9:30 PM,Home,Edmonton Oilers,3,4,L,,27,18,1,L 1,18054,2:20,
47,2025-01-18,4:00 PM,Home,Dallas Stars,6,3,W,,28,18,1,W 1,18055,2:35,
48,2025-01-20,3:00 PM,Home,Minnesota Wild,1,3,L,,28,19,1,L 1,18072,2:33,
49,2025-01-22,9:30 PM,Home,Winnipeg Jets,2,3,L,OT,28,19,2,L 2,18125,2:28,
50,2025-01-25,1:00 PM,Away,Boston Bruins,1,3,L,,28,20,2,L 3,17850,2:25,
51,2025-01-26,1:00 PM,Away,New York Rangers,5,4,W,,29,20,2,W 1,18006,2:26,
52,2025-01-28,7:30 PM,Away,New York Islanders,2,5,L,,29,21,2,L 1,15735,2:27,
53,2025-01-31,9:00 PM,Home,St. Louis Blues,5,0,W,,30,21,2,W 1,18073,2:25,
54,2025-02-02,3:00 PM,Home,Philadelphia Flyers,2,0,W,,31,21,2,W 2,18076,2:23,
55,2025-02-04,10:00 PM,Away,Vancouver Canucks,0,3,L,,31,22,2,L 1,18924,2:34,
56,2025-02-06,9:00 PM,Away,Calgary Flames,4,2,W,,32,22,2,W 1,17345,2:35,
57,2025-02-07,9:00 PM,Away,Edmonton Oilers,5,4,W,,33,22,2,W 2,18347,2:30,
58,2025-02-22,6:00 PM,Away,Nashville Predators,1,2,L,,33,23,2,L 1,17159,2:25,
59,2025-02-23,6:00 PM,Away,St. Louis Blues,1,3,L,,33,24,2,L 2,17806,2:21,
60,2025-02-26,9:30 PM,Home,New Jersey Devils,5,1,W,,34,24,2,W 1,18087,2:31,
61,2025-02-28,9:00 PM,Home,Minnesota Wild,5,2,W,,35,24,2,W 2,18091,2:26,
62,2025-03-04,9:00 PM,Home,Pittsburgh Penguins,4,1,W,,36,24,2,W 3,18037,2:20,
63,2025-03-06,9:30 PM,Home,San Jose Sharks,7,3,W,,37,24,2,W 4,18077,2:35,
64,2025-03-08,7:00 PM,Home,Toronto Maple Leafs,7,4,W,,38,24,2,W 5,18094,2:28,
65,2025-03-10,9:00 PM,Home,Chicago Blackhawks,3,0,W,,39,24,2,W 6,18072,2:35,
66,2025-03-11,8:00 PM,Away,Minnesota Wild,1,2,L,SO,39,24,3,L 1,18901,2:32,
67,2025-03-14,9:00 PM,Away,Calgary Flames,4,2,W,,40,24,3,W 1,18717,2:28,
68,2025-03-16,3:30 PM,Home,Dallas Stars,4,3,W,OT,41,24,3,W 2,18131,2:31,
69,2025-03-19,7:00 PM,Away,Toronto Maple Leafs,1,2,L,,41,25,3,L 1,18731,2:28,
70,2025-03-20,7:00 PM,Away,Ottawa Senators,5,1,W,,42,25,3,W 1,17856,2:22,
71,2025-03-22,7:00 PM,Away,Montreal Canadiens,5,4,W,SO,43,25,3,W 2,21105,2:52,
72,2025-03-25,9:00 PM,Home,Detroit Red Wings,5,2,W,,44,25,3,W 3,18101,2:30,
73,2025-03-27,10:00 PM,Home,Los Angeles Kings,4,0,W,,45,25,3,W 4,18087,2:27,
74,2025-03-29,4:30 PM,Home,St. Louis Blues,1,2,L,,45,26,3,L 1,18129,2:25,
75,2025-03-31,8:30 PM,Home,Calgary Flames,2,3,L,SO,45,26,4,L 2,18075,2:38,
76,2025-04-02,9:30 PM,Away,Chicago Blackhawks,3,2,W,SO,46,26,4,W 1,16649,2:45,
77,2025-04-03,7:30 PM,Away,Columbus Blue Jackets,7,3,W,,47,26,4,W 2,18392,2:38,
78,2025-04-05,7:00 PM,Away,St. Louis Blues,4,5,L,,47,27,4,L 1,18096,2:32,
79,2025-04-08,9:30 PM,Home,Vegas Golden Knights,3,2,W,SO,48,27,4,W 1,18077,2:54,
80,2025-04-10,9:00 PM,Home,Vancouver Canucks,1,4,L,,48,28,4,L 1,18092,2:36,
81,2025-04-12,4:00 PM,Away,Los Angeles Kings,4,5,L,,48,29,4,L 2,17355,2:36,
82,2025-04-13,10:00 PM,Away,Anaheim Ducks,4,2,W,,49,29,4,W 1,17241,2:23,
